Seed,Masking,Missingness,Method,Variable,RMSE,MAE,N_Masked
42,random,5,Mean,Volume (In Mn.),19.43810351181668,15.336246356450633,91
42,random,5,Mean,Value (In Cr.),10146.646618828167,7916.942677642866,101
42,random,5,Median,Volume (In Mn.),19.546743320833517,14.425879120879127,91
42,random,5,Median,Value (In Cr.),10419.881400792272,8259.500198019803,101
42,random,5,KNN,Volume (In Mn.),74.9467770630374,55.235333894099334,91
42,random,5,KNN,Value (In Cr.),9800.762485535543,7089.580133976346,101
42,random,5,MICE,Volume (In Mn.),70.74498426648822,53.447319651217896,91
42,random,5,MICE,Value (In Cr.),9608.502384268413,7245.369653877256,101
42,random,5,Time-Series Interpolation,Volume (In Mn.),14.958072657334569,8.802344322344325,91
42,random,5,Time-Series Interpolation,Value (In Cr.),8006.275458474797,5678.368531353134,101
42,random,10,Mean,Volume (In Mn.),16.846464992879355,13.295546454291575,185
42,random,10,Mean,Value (In Cr.),9931.86729188382,7545.736512384946,199
42,random,10,Median,Volume (In Mn.),16.263830093933105,12.434945945945941,185
42,random,10,Median,Value (In Cr.),10020.34861809749,7565.599899497488,199
42,random,10,KNN,Volume (In Mn.),98.26876388337354,67.83293773658383,185
42,random,10,KNN,Value (In Cr.),12038.254944995757,8631.2317946969,199
42,random,10,MICE,Volume (In Mn.),94.6544628379713,64.93994690351846,185
42,random,10,MICE,Value (In Cr.),11645.463385873985,8189.1304915588835,199
42,random,10,Time-Series Interpolation,Volume (In Mn.),10.408501242884258,6.789684684684685,185
42,random,10,Time-Series Interpolation,Value (In Cr.),7932.2232324345905,5593.29649078727,199
42,random,20,Mean,Volume (In Mn.),20.352703125142643,15.134886834638404,364
42,random,20,Mean,Value (In Cr.),9394.74606938436,7092.613734106088,404
42,random,20,Median,Volume (In Mn.),19.589270858329286,13.90646978021978,364
42,random,20,Median,Value (In Cr.),9477.937750194444,7091.40292079208,404
42,random,20,KNN,Volume (In Mn.),111.41506687207887,74.98135327975366,364
42,random,20,KNN,Value (In Cr.),13512.184670651046,9298.345971018705,404
42,random,20,MICE,Volume (In Mn.),108.09341719013264,71.09878014844425,364
42,random,20,MICE,Value (In Cr.),13268.842617757186,9041.287697775879,404
42,random,20,Time-Series Interpolation,Volume (In Mn.),14.393748118701026,8.830607142857144,364
42,random,20,Time-Series Interpolation,Value (In Cr.),8055.713916274185,5639.658887788779,404
123,random,5,Mean,Volume (In Mn.),21.010345260892414,16.168413960233256,100
123,random,5,Mean,Value (In Cr.),6874.0705917549,5292.484726433945,92
123,random,5,Median,Volume (In Mn.),19.816214844162342,14.925350000000003,100
123,random,5,Median,Value (In Cr.),6966.437963900991,5224.011630434783,92
123,random,5,KNN,Volume (In Mn.),85.33977309467498,60.063197142857135,100
123,random,5,KNN,Value (In Cr.),9199.779521524531,6001.4245188493,92
123,random,5,MICE,Volume (In Mn.),84.1268006812485,58.421840915156956,100
123,random,5,MICE,Value (In Cr.),8566.714840620818,5618.701443042314,92
123,random,5,Time-Series Interpolation,Volume (In Mn.),11.92552445969941,8.296116666666665,100
123,random,5,Time-Series Interpolation,Value (In Cr.),6544.115659641331,4518.597336956521,92
123,random,10,Mean,Volume (In Mn.),17.371991543186855,13.158352142859968,194
123,random,10,Mean,Value (In Cr.),8369.841638783068,6387.820765525507,190
123,random,10,Median,Volume (In Mn.),16.106565331514673,11.843273195876286,194
123,random,10,Median,Value (In Cr.),8676.057796851488,6522.645657894735,190
123,random,10,KNN,Volume (In Mn.),86.4332717466628,57.23119900610433,194
123,random,10,KNN,Value (In Cr.),11791.976909308503,7804.240136203223,190
123,random,10,MICE,Volume (In Mn.),85.32021705350144,55.921215447128766,194
123,random,10,MICE,Value (In Cr.),11583.169801825565,7555.609960471846,190
123,random,10,Time-Series Interpolation,Volume (In Mn.),9.353237529146384,6.856314432989693,194
123,random,10,Time-Series Interpolation,Value (In Cr.),6703.425356801021,4794.795657894738,190
123,random,20,Mean,Volume (In Mn.),17.83490600858098,13.533864095684768,385
123,random,20,Mean,Value (In Cr.),9268.895202163721,6836.5641395704515,383
123,random,20,Median,Volume (In Mn.),17.670280758321926,12.804623376623379,385
123,random,20,Median,Value (In Cr.),9154.998405455572,6779.225678851174,383
123,random,20,KNN,Volume (In Mn.),112.89940757941032,75.90944292059731,385
123,random,20,KNN,Value (In Cr.),14142.978240167111,9271.255626337974,383
123,random,20,MICE,Volume (In Mn.),111.31081335005378,75.4606948370427,385
123,random,20,MICE,Value (In Cr.),13960.203628057796,9194.553704010797,383
123,random,20,Time-Series Interpolation,Volume (In Mn.),11.547088695104573,7.872477922077921,385
123,random,20,Time-Series Interpolation,Value (In Cr.),7793.252069004987,5524.369621409923,383
456,random,5,Mean,Volume (In Mn.),19.52824623792668,14.578331541287577,88
456,random,5,Mean,Value (In Cr.),9302.001074219654,6692.224917201764,104
456,random,5,Median,Volume (In Mn.),18.96337694981854,13.448181818181816,88
456,random,5,Median,Value (In Cr.),9546.461850878226,6893.837163461538,104
456,random,5,KNN,Volume (In Mn.),81.02455118176016,57.57799539747916,88
456,random,5,KNN,Value (In Cr.),9087.597325735114,6295.567967436884,104
456,random,5,MICE,Volume (In Mn.),77.66028886512426,56.81228214529844,88
456,random,5,MICE,Value (In Cr.),8594.188254835906,6372.361521642955,104
456,random,5,Time-Series Interpolation,Volume (In Mn.),11.876639430957727,7.344261363636362,88
456,random,5,Time-Series Interpolation,Value (In Cr.),8864.850385262731,6210.861282051281,104
456,random,10,Mean,Volume (In Mn.),17.220495757201874,13.604770361253667,179
456,random,10,Mean,Value (In Cr.),9035.007297388724,6791.626253757225,205
456,random,10,Median,Volume (In Mn.),16.929386796056814,12.84969273743017,179
456,random,10,Median,Value (In Cr.),9208.108045557525,6885.358390243902,205
456,random,10,KNN,Volume (In Mn.),92.80134996257883,62.519163275456535,179
456,random,10,KNN,Value (In Cr.),11114.931085432188,7719.135057128637,205
456,random,10,MICE,Volume (In Mn.),90.2784960750084,61.510298010293965,179
456,random,10,MICE,Value (In Cr.),10601.406483175206,7264.718526379882,205
456,random,10,Time-Series Interpolation,Volume (In Mn.),10.00968612366178,6.807128491620109,179
456,random,10,Time-Series Interpolation,Value (In Cr.),8390.999985452361,6197.494349593497,205
456,random,20,Mean,Volume (In Mn.),18.759896724810925,14.150210331738108,386
456,random,20,Mean,Value (In Cr.),8742.10863968483,6644.414546885799,382
456,random,20,Median,Volume (In Mn.),18.64535501581568,13.189209844559585,386
456,random,20,Median,Value (In Cr.),8705.210666181927,6538.124869109948,382
456,random,20,KNN,Volume (In Mn.),104.5236912499811,71.37465488309881,386
456,random,20,KNN,Value (In Cr.),12972.376904240462,9135.697524200192,382
456,random,20,MICE,Volume (In Mn.),103.06565034802091,71.28864778065882,386
456,random,20,MICE,Value (In Cr.),12556.90501528546,8446.617046190227,382
456,random,20,Time-Series Interpolation,Volume (In Mn.),11.79432860153784,8.295436960276335,386
456,random,20,Time-Series Interpolation,Value (In Cr.),7908.541412679539,5520.004904013962,382
789,random,5,Mean,Volume (In Mn.),18.491643701324413,14.6332317899211,96
789,random,5,Mean,Value (In Cr.),10029.885018671539,7299.222503202861,96
789,random,5,Median,Volume (In Mn.),17.6627313841296,13.38838541666667,96
789,random,5,Median,Value (In Cr.),9959.812280697726,7173.590677083333,96
789,random,5,KNN,Volume (In Mn.),92.37703838738511,61.77380942754021,96
789,random,5,KNN,Value (In Cr.),11163.020271518153,7672.356051923428,96
789,random,5,MICE,Volume (In Mn.),86.98983867588962,56.72280839989444,96
789,random,5,MICE,Value (In Cr.),10860.27410038778,7347.690720325149,96
789,random,5,Time-Series Interpolation,Volume (In Mn.),9.974695119290656,7.050277777777782,96
789,random,5,Time-Series Interpolation,Value (In Cr.),7535.484208226266,4886.891562500001,96
789,random,10,Mean,Volume (In Mn.),19.50671034039431,14.773679469552976,204
789,random,10,Mean,Value (In Cr.),10169.493221431814,7460.3966860585215,180
789,random,10,Median,Volume (In Mn.),19.194889041581543,13.816985294117647,204
789,random,10,Median,Value (In Cr.),10297.41776520517,7470.246277777777,180
789,random,10,KNN,Volume (In Mn.),106.1546919170326,73.00974646921703,204
789,random,10,KNN,Value (In Cr.),13729.957954976027,8982.833507854406,180
789,random,10,MICE,Volume (In Mn.),102.05350015485439,70.41984935617108,204
789,random,10,MICE,Value (In Cr.),13725.332644942026,9066.053911944611,180
789,random,10,Time-Series Interpolation,Volume (In Mn.),12.28702072300478,7.911200980392158,204
789,random,10,Time-Series Interpolation,Value (In Cr.),7615.539163361517,5355.632074074075,180
789,random,20,Mean,Volume (In Mn.),17.097303515775103,13.021125111177437,408
789,random,20,Mean,Value (In Cr.),9229.953376620815,6718.192407983303,360
789,random,20,Median,Volume (In Mn.),16.601919899901485,12.059289215686272,408
789,random,20,Median,Value (In Cr.),9419.105002440368,6755.560430555555,360
789,random,20,KNN,Volume (In Mn.),109.13206411378451,74.32116437130408,408
789,random,20,KNN,Value (In Cr.),13836.42439549647,9199.335298967237,360
789,random,20,MICE,Volume (In Mn.),109.36051774785437,75.0278946347052,408
789,random,20,MICE,Value (In Cr.),13628.911362900868,8967.001376779943,360
789,random,20,Time-Series Interpolation,Volume (In Mn.),11.109705560925676,7.572821895424835,408
789,random,20,Time-Series Interpolation,Value (In Cr.),7693.994507873644,5445.7387777777785,360
2026,random,5,Mean,Volume (In Mn.),16.718730620430918,12.683585738521634,100
2026,random,5,Mean,Value (In Cr.),8854.341329637178,6569.111397344817,92
2026,random,5,Median,Volume (In Mn.),16.02500754289994,11.400149999999996,100
2026,random,5,Median,Value (In Cr.),8774.531846509057,6296.336630434784,92
2026,random,5,KNN,Volume (In Mn.),77.03346438721024,53.53342000000001,100
2026,random,5,KNN,Value (In Cr.),8518.737744335485,6391.077630292074,92
2026,random,5,MICE,Volume (In Mn.),72.19933355666107,51.69314720813885,100
2026,random,5,MICE,Value (In Cr.),7976.015821292594,5968.830755328864,92
2026,random,5,Time-Series Interpolation,Volume (In Mn.),9.999406710178139,7.057666666666664,100
2026,random,5,Time-Series Interpolation,Value (In Cr.),7553.29838347319,5193.994402173912,92
2026,random,10,Mean,Volume (In Mn.),17.75058970283596,13.442310351035712,198
2026,random,10,Mean,Value (In Cr.),8793.204513220475,6761.922621893217,186
2026,random,10,Median,Volume (In Mn.),17.322454041363535,12.638560606060613,198
2026,random,10,Median,Value (In Cr.),8938.232381211761,6808.398817204299,186
2026,random,10,KNN,Volume (In Mn.),96.69122995471642,65.93399060289305,198
2026,random,10,KNN,Value (In Cr.),12192.288343578757,8487.816205057608,186
2026,random,10,MICE,Volume (In Mn.),94.18089621886905,64.62707984732222,198
2026,random,10,MICE,Value (In Cr.),11891.464108624194,8292.2177838353,186
2026,random,10,Time-Series Interpolation,Volume (In Mn.),11.481319616982471,7.66731481481482,198
2026,random,10,Time-Series Interpolation,Value (In Cr.),7722.422700545218,5543.446164874552,186
2026,random,20,Mean,Volume (In Mn.),17.348619121924997,13.086352389135401,391
2026,random,20,Mean,Value (In Cr.),9392.964867759483,7018.2098389841485,377
2026,random,20,Median,Volume (In Mn.),16.8673528794108,12.075230179028132,391
2026,random,20,Median,Value (In Cr.),9623.282960877546,7110.2675994694955,377
2026,random,20,KNN,Volume (In Mn.),114.14389774444784,77.17445446014729,391
2026,random,20,KNN,Value (In Cr.),14288.323123173117,10054.119811473396,377
2026,random,20,MICE,Volume (In Mn.),112.72882574812355,76.86179209064521,391
2026,random,20,MICE,Value (In Cr.),13995.151233295559,9632.483075519802,377
2026,random,20,Time-Series Interpolation,Volume (In Mn.),10.368381845717659,7.131798806479112,391
2026,random,20,Time-Series Interpolation,Value (In Cr.),7917.587630010985,5484.723322723254,377
